task_id	hash	native_id	name	status	exit	submit	duration	realtime	%cpu	peak_rss	peak_vmem	rchar	wchar
1	f9/489b43	3188830	CHECK_INPUT (dir:sample_10)	COMPLETED	0	2026-04-15 13:51:12.473	1.1s	857ms	659.1%	9.4 MB	14.9 MB	16.7 MB	685.4 KB
2	54/d3b887	3189088	GLIMMER3	COMPLETED	0	2026-04-15 13:51:13.563	650ms	468ms	95.7%	9.3 MB	12.4 MB	1.8 MB	255.3 KB
4	1b/dfaa91	3189424	CONCAT_GLIMMER	COMPLETED	0	2026-04-15 13:51:14.228	817ms	625ms	766.9%	9.7 MB	14.9 MB	13.9 MB	11.3 KB
3	5a/c57fd9	3189085	PRODIGAL	COMPLETED	0	2026-04-15 13:51:13.559	1.9s	1.7s	98.3%	58.8 MB	857.2 MB	439.8 KB	12.4 KB
5	6e/eadb4e	3189715	FILTER_GLIMMER	COMPLETED	0	2026-04-15 13:51:15.059	828ms	588ms	808.2%	9.7 MB	14.9 MB	13.9 MB	11.3 KB
6	f9/53e486	3189956	CONCAT_PRODIGAL	COMPLETED	0	2026-04-15 13:51:15.496	823ms	629ms	1080.1%	9.7 MB	14.9 MB	13.9 MB	11.7 KB
7	48/766783	3190214	PROCESSING	COMPLETED	0	2026-04-15 13:51:16.356	932ms	677ms	720.3%	9.8 MB	14.9 MB	14.3 MB	31 KB
8	8b/c0b4bd	3190457	EXTRACT_TRANSLATE_ORFS	COMPLETED	0	2026-04-15 13:51:17.304	1s	835ms	623.2%	9.9 MB	15.9 MB	16.7 MB	882.2 KB
10	f3/1b4bf1	3190747	CONCAT_PROTEINS	COMPLETED	0	2026-04-15 13:51:18.386	334ms	75ms	57.0%	9.9 MB	14.9 MB	1.1 MB	114.8 KB
9	91/b0e7a9	3190740	REORGANIZE_TABLE	COMPLETED	0	2026-04-15 13:51:18.376	823ms	603ms	1068.4%	9.8 MB	14.9 MB	14.3 MB	440.9 KB
11	aa/809aae	3191176	CLUSTERING	COMPLETED	0	2026-04-15 13:51:18.757	7.7s	7.5s	241.5%	2 GB	57.4 GB	877 KB	1.2 MB
12	76/fc34d6	3196832	PCS2PROTEINS	COMPLETED	0	2026-04-15 13:51:26.491	792ms	598ms	813.3%	10.2 MB	15.9 MB	13.9 MB	24.5 KB
13	06/491b4b	3197074	PREPARE_A3M	COMPLETED	0	2026-04-15 13:51:27.298	1.1s	856ms	638.1%	9.7 MB	14.9 MB	14.5 MB	279.9 KB
41	78/5aa64a	3197367	BUILD_FFINDEX (chunk_785aa64a)	COMPLETED	0	2026-04-15 13:51:28.465	248ms	13ms	98.1%	0	0	93.2 KB	301 B
17	9d/5d79a8	3197377	BUILD_FFINDEX (chunk_9d5d79a8)	COMPLETED	0	2026-04-15 13:51:28.480	399ms	23ms	66.1%	0	0	101.2 KB	8.6 KB
19	6c/868d48	3197373	BUILD_FFINDEX (chunk_6c868d48)	COMPLETED	0	2026-04-15 13:51:28.475	408ms	23ms	44.2%	3.2 MB	4.4 MB	99 KB	6.4 KB
21	51/5fce8a	3197388	BUILD_FFINDEX (chunk_515fce8a)	COMPLETED	0	2026-04-15 13:51:28.485	404ms	26ms	66.5%	3.3 MB	4.4 MB	97.7 KB	5.1 KB
16	ed/467d95	3197435	BUILD_FFINDEX (chunk_ed467d95)	COMPLETED	0	2026-04-15 13:51:28.500	421ms	22ms	101.1%	0	0	103.5 KB	11 KB
18	b6/df952c	3197461	BUILD_FFINDEX (chunk_b6df952c)	COMPLETED	0	2026-04-15 13:51:28.505	423ms	24ms	65.8%	0	0	99.9 KB	7.3 KB
25	33/c98932	3197483	BUILD_FFINDEX (chunk_33c98932)	COMPLETED	0	2026-04-15 13:51:28.510	431ms	23ms	67.4%	0	0	96.4 KB	3.9 KB
20	a5/38f161	3197522	BUILD_FFINDEX (chunk_a538f161)	COMPLETED	0	2026-04-15 13:51:28.516	427ms	33ms	75.8%	3.3 MB	4.4 MB	98.2 KB	5.7 KB
36	4a/8b1a0d	3197655	BUILD_FFINDEX (chunk_4a8b1a0d)	COMPLETED	0	2026-04-15 13:51:28.534	428ms	23ms	85.2%	3.4 MB	4.4 MB	95 KB	2.4 KB
22	d6/0fd694	3197586	BUILD_FFINDEX (chunk_d60fd694)	COMPLETED	0	2026-04-15 13:51:28.525	442ms	31ms	54.6%	3.3 MB	4.4 MB	97.3 KB	4.7 KB
23	87/9aee80	3197774	BUILD_FFINDEX (chunk_879aee80)	COMPLETED	0	2026-04-15 13:51:28.546	423ms	23ms	68.2%	3.4 MB	4.4 MB	96.9 KB	4.4 KB
27	6e/8101fb	3197702	BUILD_FFINDEX (chunk_6e8101fb)	COMPLETED	0	2026-04-15 13:51:28.539	445ms	23ms	44.4%	0	0	96 KB	3.5 KB
33	91/4e7eb9	3197899	BUILD_FFINDEX (chunk_914e7eb9)	COMPLETED	0	2026-04-15 13:51:28.559	434ms	23ms	49.7%	3.4 MB	4.4 MB	95.3 KB	2.7 KB
24	f3/f25f07	3197824	BUILD_FFINDEX (chunk_f3f25f07)	COMPLETED	0	2026-04-15 13:51:28.552	454ms	25ms	90.9%	3.4 MB	4.4 MB	96.7 KB	4.1 KB
15	bc/7784e0	3197398	BUILD_FFINDEX (chunk_bc7784e0)	COMPLETED	0	2026-04-15 13:51:28.490	519ms	30ms	54.6%	3.4 MB	4.4 MB	105.4 KB	12.9 KB
38	3b/060cb5	3198359	BUILD_FFINDEX (chunk_3b060cb5)	COMPLETED	0	2026-04-15 13:51:28.598	417ms	26ms	45.4%	0	0	94.8 KB	2.2 KB
32	32/278c13	3198134	BUILD_FFINDEX (chunk_32278c13)	COMPLETED	0	2026-04-15 13:51:28.581	439ms	24ms	86.2%	3.3 MB	4.4 MB	95.4 KB	2.8 KB
29	d2/44bf6d	3198193	BUILD_FFINDEX (chunk_d244bf6d)	COMPLETED	0	2026-04-15 13:51:28.585	442ms	24ms	97.3%	3.4 MB	4.4 MB	95.7 KB	3.2 KB
28	8b/7c17d9	3197624	BUILD_FFINDEX (chunk_8b7c17d9)	COMPLETED	0	2026-04-15 13:51:28.530	500ms	28ms	42.9%	3.3 MB	4.4 MB	95.9 KB	3.3 KB
39	d0/216762	3198238	BUILD_FFINDEX (chunk_d0216762)	COMPLETED	0	2026-04-15 13:51:28.590	444ms	24ms	94.9%	3.3 MB	4.4 MB	94.7 KB	2.1 KB
35	60/0217f9	3198080	BUILD_FFINDEX (chunk_600217f9)	COMPLETED	0	2026-04-15 13:51:28.576	458ms	22ms	50.0%	3.3 MB	4.4 MB	95 KB	2.5 KB
30	78/5f3747	3197976	BUILD_FFINDEX (chunk_785f3747)	COMPLETED	0	2026-04-15 13:51:28.567	473ms	32ms	55.5%	3.4 MB	4.4 MB	95.6 KB	3.1 KB
40	fa/50a0f8	3198294	BUILD_FFINDEX (chunk_fa50a0f8)	COMPLETED	0	2026-04-15 13:51:28.594	460ms	24ms	68.7%	3.2 MB	4.4 MB	94.5 KB	1.9 KB
31	58/18abc7	3198420	BUILD_FFINDEX (chunk_5818abc7)	COMPLETED	0	2026-04-15 13:51:28.603	461ms	23ms	40.4%	3.4 MB	4.4 MB	95.5 KB	3 KB
37	04/db0771	3198478	BUILD_FFINDEX (chunk_04db0771)	COMPLETED	0	2026-04-15 13:51:28.607	461ms	25ms	64.0%	3.4 MB	4.4 MB	94.9 KB	2.3 KB
14	7f/38262a	3197420	BUILD_FFINDEX (chunk_7f38262a)	COMPLETED	0	2026-04-15 13:51:28.496	588ms	25ms	62.3%	0	0	113.4 KB	20.9 KB
26	98/4595d5	3198030	BUILD_FFINDEX (chunk_984595d5)	COMPLETED	0	2026-04-15 13:51:28.572	612ms	31ms	52.4%	3.4 MB	4.4 MB	96.2 KB	3.7 KB
34	73/2034ae	3197552	BUILD_FFINDEX (chunk_732034ae)	COMPLETED	0	2026-04-15 13:51:28.521	685ms	24ms	43.4%	3.4 MB	4.4 MB	95.1 KB	2.6 KB
42	f6/9b3722	3200351	ENRICH_MSA_PHROGS (enrich_f69b3722)	COMPLETED	0	2026-04-15 13:51:28.732	1.3s	1s	57.1%	3.4 MB	4.4 MB	3.4 MB	3 KB
57	6b/fc9d0f	3205696	ENRICH_MSA_PHROGS (enrich_6bfc9d0f)	COMPLETED	0	2026-04-15 13:51:29.210	3.6s	3.3s	275.9%	430.9 MB	1.5 GB	3.4 MB	47.5 KB
50	c4/27dac1	3203471	ENRICH_MSA_PHROGS (enrich_c427dac1)	COMPLETED	0	2026-04-15 13:51:28.972	4.3s	4.1s	287.5%	458.7 MB	1.5 GB	3.4 MB	121.7 KB
54	61/449b38	3204139	ENRICH_MSA_PHROGS (enrich_61449b38)	COMPLETED	0	2026-04-15 13:51:29.020	4.8s	4.5s	282.5%	444.5 MB	1.5 GB	3.4 MB	66.5 KB
58	61/71f80c	3206276	ENRICH_MSA_PHROGS (enrich_6171f80c)	COMPLETED	0	2026-04-15 13:51:30.008	4s	3.7s	314.5%	464.2 MB	1.5 GB	3.4 MB	64.5 KB
48	cd/2d2c5f	3203251	ENRICH_MSA_PHROGS (enrich_cd2d2c5f)	COMPLETED	0	2026-04-15 13:51:28.957	5.8s	5.5s	329.9%	470.1 MB	1.5 GB	3.4 MB	221.1 KB
53	57/5e5722	3203819	ENRICH_MSA_PHROGS (enrich_575e5722)	COMPLETED	0	2026-04-15 13:51:28.993	5.9s	5.6s	290.9%	465.5 MB	1.5 GB	3.4 MB	153.2 KB
61	2c/add483	3209877	ENRICH_MSA_PHROGS (enrich_2cadd483)	COMPLETED	0	2026-04-15 13:51:33.856	2.2s	2s	343.2%	413.5 MB	1.5 GB	3.4 MB	43.5 KB
59	70/d83434	3208831	ENRICH_MSA_PHROGS (enrich_70d83434)	COMPLETED	0	2026-04-15 13:51:32.808	3.9s	3.5s	354.4%	453.4 MB	1.5 GB	3.4 MB	213.8 KB
52	5c/77491f	3203556	ENRICH_MSA_PHROGS (enrich_5c77491f)	COMPLETED	0	2026-04-15 13:51:28.977	7.8s	7.6s	312.9%	498.1 MB	1.5 GB	3.4 MB	348.2 KB
55	7b/e971ad	3204344	ENRICH_MSA_PHROGS (enrich_7be971ad)	COMPLETED	0	2026-04-15 13:51:29.038	7.8s	7.6s	342.0%	538 MB	1.5 GB	3.4 MB	759.9 KB
64	60/cfde4b	3210762	ENRICH_MSA_PHROGS (enrich_60cfde4b)	COMPLETED	0	2026-04-15 13:51:34.917	2.1s	1.8s	324.4%	421 MB	1.5 GB	3.4 MB	41 KB
62	77/9d0ec0	3209968	ENRICH_MSA_PHROGS (enrich_779d0ec0)	COMPLETED	0	2026-04-15 13:51:33.964	3.2s	2.9s	326.9%	444.2 MB	1.5 GB	3.4 MB	49.3 KB
45	98/00843b	3202588	ENRICH_MSA_PHROGS (enrich_9800843b)	COMPLETED	0	2026-04-15 13:51:28.909	8.3s	8s	346.3%	505.8 MB	1.5 GB	3.4 MB	571.9 KB
51	38/e50a11	3203626	ENRICH_MSA_PHROGS (enrich_38e50a11)	COMPLETED	0	2026-04-15 13:51:28.981	8.9s	8.7s	313.4%	551.1 MB	1.5 GB	3.4 MB	546.7 KB
71	23/6bb6d6	3213351	HHSUITE_SEARCH_BATCH (PFAM_236bb6d6)	COMPLETED	0	2026-04-15 13:51:37.196	996ms	731ms	49.7%	3.3 MB	4.4 MB	1.4 MB	948 B
60	8b/76e87b	3209014	ENRICH_MSA_PHROGS (enrich_8b76e87b)	COMPLETED	0	2026-04-15 13:51:33.309	5.1s	4.8s	340.2%	487.2 MB	1.5 GB	3.4 MB	310.1 KB
70	03/456254	3213944	HHSUITE_SEARCH_BATCH (PHROGS_03456254)	COMPLETED	0	2026-04-15 13:51:37.890	611ms	327ms	122.9%	3.4 MB	4.4 MB	3.4 MB	1.5 KB
63	b2/91f6ca	3210399	ENRICH_MSA_PHROGS (enrich_b291f6ca)	COMPLETED	0	2026-04-15 13:51:34.741	4s	3.7s	356.8%	482.9 MB	1.5 GB	3.4 MB	181 KB
72	03/866268	3213119	HHSUITE_SEARCH_BATCH (ECOD_03866268)	COMPLETED	0	2026-04-15 13:51:37.135	1.8s	1.5s	30.6%	145.8 MB	32.3 GB	8 MB	970 B
66	d2/74bbe7	3212294	ENRICH_MSA_PHROGS (enrich_d274bbe7)	COMPLETED	0	2026-04-15 13:51:36.727	2.7s	2.4s	349.5%	444.6 MB	1.5 GB	3.4 MB	49.8 KB
65	f0/0ad676	3211860	ENRICH_MSA_PHROGS (enrich_f00ad676)	COMPLETED	0	2026-04-15 13:51:36.113	3.5s	3.2s	331.1%	448.5 MB	1.5 GB	3.4 MB	80.6 KB
69	e7/aca627	3212973	ENRICH_MSA_PHROGS (enrich_e7aca627)	COMPLETED	0	2026-04-15 13:51:37.065	2.8s	2.6s	359.1%	449.4 MB	1.5 GB	3.4 MB	83.2 KB
73	44/d2cec2	3214405	HHSUITE_SEARCH_BATCH (PHROGS_44d2cec2)	COMPLETED	0	2026-04-15 13:51:38.198	1.7s	1.5s	337.6%	428.7 MB	1.5 GB	3.4 MB	43.1 KB
49	d7/30c60e	3203201	ENRICH_MSA_PHROGS (enrich_d730c60e)	COMPLETED	0	2026-04-15 13:51:28.954	11.2s	11s	358.6%	580.4 MB	1.5 GB	3.4 MB	939.8 KB
74	f2/89358d	3214767	HHSUITE_SEARCH_BATCH (PFAM_f289358d)	COMPLETED	0	2026-04-15 13:51:38.370	2.3s	2.1s	179.7%	385.8 MB	5.2 GB	1.4 MB	67 KB
44	29/b0cff7	3202454	ENRICH_MSA_PHROGS (enrich_29b0cff7)	COMPLETED	0	2026-04-15 13:51:28.897	11.9s	11.6s	350.4%	651.2 MB	1.5 GB	3.4 MB	1.3 MB
76	ce/6584bb	3215356	HHSUITE_SEARCH_BATCH (PHROGS_ce6584bb)	COMPLETED	0	2026-04-15 13:51:38.789	2.1s	1.8s	343.4%	436.6 MB	1.5 GB	3.4 MB	339.7 KB
68	6e/de5628	3212484	ENRICH_MSA_PHROGS (enrich_6ede5628)	COMPLETED	0	2026-04-15 13:51:36.847	4.9s	4.7s	350.9%	491.6 MB	1.5 GB	3.4 MB	407.1 KB
79	fb/b94c8a	3216462	HHSUITE_SEARCH_BATCH (PHROGS_fbb94c8a)	COMPLETED	0	2026-04-15 13:51:39.618	2.2s	2s	330.1%	413 MB	1.5 GB	3.4 MB	53.4 KB
77	30/b533e2	3215462	HHSUITE_SEARCH_BATCH (PFAM_30b533e2)	COMPLETED	0	2026-04-15 13:51:38.960	3.1s	2.9s	229.7%	471.8 MB	5.2 GB	1.4 MB	247.6 KB
47	51/3c0aac	3203032	ENRICH_MSA_PHROGS (enrich_513c0aac)	COMPLETED	0	2026-04-15 13:51:28.940	13.5s	13.3s	355.9%	622.9 MB	1.5 GB	3.4 MB	1.1 MB
80	fd/a43980	3216798	HHSUITE_SEARCH_BATCH (PFAM_fda43980)	COMPLETED	0	2026-04-15 13:51:39.907	2.8s	2.6s	234.4%	450.6 MB	5.2 GB	1.4 MB	27.7 KB
82	39/dc899b	3217801	HHSUITE_SEARCH_BATCH (PHROGS_39dc899b)	COMPLETED	0	2026-04-15 13:51:40.709	2.1s	1.9s	349.9%	422.2 MB	1.5 GB	3.4 MB	57.2 KB
83	22/745c82	3217856	HHSUITE_SEARCH_BATCH (PFAM_22745c82)	COMPLETED	0	2026-04-15 13:51:40.761	2.6s	2.4s	278.3%	465.4 MB	5.2 GB	1.4 MB	121.8 KB
75	3a/1b437b	3215071	HHSUITE_SEARCH_BATCH (ECOD_3a1b437b)	COMPLETED	0	2026-04-15 13:51:38.512	5.2s	4.9s	107.2%	457.4 MB	32.5 GB	8 MB	90.3 KB
91	58/c8605b	3220095	HHSUITE_SEARCH_BATCH (PHROGS_58c8605b)	COMPLETED	0	2026-04-15 13:51:42.843	1.4s	1.2s	357.6%	426.6 MB	1.5 GB	3.4 MB	30.3 KB
78	d1/66c475	3216166	HHSUITE_SEARCH_BATCH (ECOD_d166c475)	COMPLETED	0	2026-04-15 13:51:39.388	5.4s	5.2s	146.6%	502.3 MB	32.5 GB	8 MB	584.8 KB
43	04/d8b1da	3202429	ENRICH_MSA_PHROGS (enrich_04d8b1da)	COMPLETED	0	2026-04-15 13:51:28.893	16.1s	15.8s	371.6%	606.2 MB	1.6 GB	3.4 MB	1.6 MB
92	6c/aa326e	3220905	HHSUITE_SEARCH_BATCH (PFAM_6caa326e)	COMPLETED	0	2026-04-15 13:51:43.688	1.7s	1.4s	277.9%	422.3 MB	5.2 GB	1.4 MB	89.6 KB
84	a2/26fc9c	3217197	HHSUITE_SEARCH_BATCH (ECOD_a226fc9c)	COMPLETED	0	2026-04-15 13:51:40.161	5.3s	5s	133.6%	469.6 MB	32.5 GB	8 MB	109.5 KB
81	50/b6871e	3216826	HHSUITE_SEARCH_BATCH (ECOD_50b6871e)	COMPLETED	0	2026-04-15 13:51:39.939	5.5s	5.3s	112.5%	462.7 MB	32.5 GB	8 MB	30.5 KB
85	c1/794dd8	3218787	HHSUITE_SEARCH_BATCH (PHROGS_c1794dd8)	COMPLETED	0	2026-04-15 13:51:41.743	3.8s	3.5s	353.9%	463.2 MB	1.5 GB	3.4 MB	131.8 KB
86	ea/014740	3218044	HHSUITE_SEARCH_BATCH (PFAM_ea014740)	COMPLETED	0	2026-04-15 13:51:40.893	4.8s	4.6s	250.0%	498.7 MB	5.2 GB	1.4 MB	75.9 KB
89	29/f69c6e	3219326	HHSUITE_SEARCH_BATCH (PFAM_29f69c6e)	COMPLETED	0	2026-04-15 13:51:42.066	3.8s	3.6s	260.5%	483.4 MB	5.2 GB	1.4 MB	90.3 KB
88	3e/502491	3219912	HHSUITE_SEARCH_BATCH (PHROGS_3e502491)	COMPLETED	0	2026-04-15 13:51:42.704	3.5s	3.2s	327.7%	442.7 MB	1.5 GB	3.4 MB	112.4 KB
93	b6/0fb7d3	3220695	HHSUITE_SEARCH_BATCH (ECOD_b60fb7d3)	COMPLETED	0	2026-04-15 13:51:43.415	3.1s	2.8s	181.6%	451.4 MB	32.5 GB	8 MB	111.5 KB
90	13/066bfe	3219720	HHSUITE_SEARCH_BATCH (ECOD_13066bfe)	COMPLETED	0	2026-04-15 13:51:42.488	4.5s	4.3s	205.6%	465.4 MB	32.5 GB	8 MB	76.4 KB
94	12/c888a4	3221445	HHSUITE_SEARCH_BATCH (PHROGS_12c888a4)	COMPLETED	0	2026-04-15 13:51:44.247	2.8s	2.6s	325.4%	455.1 MB	1.5 GB	3.4 MB	115.7 KB
103	05/e5b88c	3224443	HHSUITE_SEARCH_BATCH (PHROGS_05e5b88c)	COMPLETED	0	2026-04-15 13:51:46.561	1.8s	1.5s	342.5%	421.5 MB	1.4 GB	3.4 MB	38.1 KB
104	b0/e41a28	3224995	HHSUITE_SEARCH_BATCH (PFAM_b0e41a28)	COMPLETED	0	2026-04-15 13:51:47.036	1.4s	1.1s	341.7%	3.4 MB	4.4 MB	1.4 MB	38.4 KB
95	49/dae2cf	3221957	HHSUITE_SEARCH_BATCH (PFAM_49dae2cf)	COMPLETED	0	2026-04-15 13:51:44.826	3.6s	3.4s	274.7%	478.6 MB	5.2 GB	1.4 MB	97.6 KB
105	ba/21b113	3224162	HHSUITE_SEARCH_BATCH (ECOD_ba21b113)	COMPLETED	0	2026-04-15 13:51:46.174	2.4s	2.1s	236.3%	426.7 MB	32.5 GB	8 MB	29.1 KB
108	69/01b625	3225037	HHSUITE_SEARCH_BATCH (ECOD_6901b625)	COMPLETED	0	2026-04-15 13:51:47.071	3s	2.7s	211.1%	456.4 MB	32.5 GB	8 MB	24.8 KB
107	f9/ba48a9	3226076	HHSUITE_SEARCH_BATCH (PFAM_f9ba48a9)	COMPLETED	0	2026-04-15 13:51:48.358	1.8s	1.5s	326.8%	428.2 MB	5.2 GB	1.4 MB	28.6 KB
106	55/686b59	3226306	HHSUITE_SEARCH_BATCH (PHROGS_55686b59)	COMPLETED	0	2026-04-15 13:51:48.430	1.8s	1.6s	354.6%	424.9 MB	1.5 GB	3.4 MB	37.2 KB
97	e4/fbdf3f	3222796	HHSUITE_SEARCH_BATCH (PHROGS_e4fbdf3f)	COMPLETED	0	2026-04-15 13:51:45.472	4.9s	4.7s	364.6%	468.2 MB	1.5 GB	3.4 MB	213.2 KB
98	90/1e018e	3222808	HHSUITE_SEARCH_BATCH (PFAM_901e018e)	COMPLETED	0	2026-04-15 13:51:45.479	5s	4.7s	300.7%	484.6 MB	5.2 GB	1.4 MB	92.5 KB
115	c6/f0336c	3228430	UNPACK_HHR (unpack_PFAM_6a7f8d5e)	COMPLETED	0	2026-04-15 13:51:50.439	236ms	16ms	63.5%	0	0	99.3 KB	663 B
100	4a/fbfc20	3223728	HHSUITE_SEARCH_BATCH (PHROGS_4afbfc20)	COMPLETED	0	2026-04-15 13:51:45.856	4.9s	4.6s	358.8%	514.1 MB	1.5 GB	3.4 MB	471.3 KB
99	57/f2b5b6	3222598	HHSUITE_SEARCH_BATCH (ECOD_57f2b5b6)	COMPLETED	0	2026-04-15 13:51:45.377	7.2s	7s	216.3%	536.9 MB	32.5 GB	8 MB	207.9 KB
117	c3/6807a6	3228971	HHSUITE_SEARCH_BATCH (PFAM_c36807a6)	COMPLETED	0	2026-04-15 13:51:50.681	3s	2.8s	325.2%	492.3 MB	5.2 GB	1.4 MB	102.4 KB
109	21/6415ea	3226499	HHSUITE_SEARCH_BATCH (PHROGS_216415ea)	COMPLETED	0	2026-04-15 13:51:48.539	5.1s	4.9s	371.1%	459.2 MB	1.5 GB	3.4 MB	253.5 KB
119	d4/36dbe4	3231255	UNPACK_HHR (unpack_PHROGS_6a7f8d5e)	COMPLETED	0	2026-04-15 13:51:53.657	224ms	12ms	75.3%	0	0	99.3 KB	1.3 KB
110	76/968948	3226365	HHSUITE_SEARCH_BATCH (PFAM_76968948)	COMPLETED	0	2026-04-15 13:51:48.453	5.9s	5.6s	298.3%	501.5 MB	5.2 GB	1.4 MB	226.2 KB
112	b9/4b28f3	3227900	HHSUITE_SEARCH_BATCH (PHROGS_b94b28f3)	COMPLETED	0	2026-04-15 13:51:50.142	4.8s	4.6s	361.9%	490.5 MB	1.5 GB	3.4 MB	335.9 KB
123	1e/42c82d	3232633	UNPACK_HHR (unpack_ECOD_6a7f8d5e)	COMPLETED	0	2026-04-15 13:51:54.979	211ms	11ms	81.0%	0	0	99.3 KB	685 B
116	ab/5367ba	3230402	HHSUITE_SEARCH_BATCH (PHROGS_ab5367ba)	COMPLETED	0	2026-04-15 13:51:52.600	2.9s	2.7s	349.5%	460.4 MB	1.5 GB	3.4 MB	214.9 KB
113	0a/64d3e4	3228409	HHSUITE_SEARCH_BATCH (PFAM_0a64d3e4)	COMPLETED	0	2026-04-15 13:51:50.426	5.7s	5.4s	324.4%	545.1 MB	5.2 GB	1.4 MB	268.9 KB
125	b9/9d250b	3232884	HHSUITE_SEARCH_BATCH (PFAM_b99d250b)	COMPLETED	0	2026-04-15 13:51:55.194	1.2s	1s	339.4%	3.3 MB	4.4 MB	1.4 MB	16.6 KB
121	97/a347b8	3231294	HHSUITE_SEARCH_BATCH (PFAM_97a347b8)	COMPLETED	0	2026-04-15 13:51:53.691	2.9s	2.7s	236.0%	466.9 MB	5.2 GB	1.4 MB	151.2 KB
120	26/7faeef	3232068	HHSUITE_SEARCH_BATCH (PHROGS_267faeef)	COMPLETED	0	2026-04-15 13:51:54.311	2.7s	2.5s	323.7%	460.2 MB	1.5 GB	3.4 MB	256.3 KB
124	f1/3fbc7c	3233764	HHSUITE_SEARCH_BATCH (PHROGS_f13fbc7c)	COMPLETED	0	2026-04-15 13:51:56.085	1.6s	1.4s	333.5%	430.8 MB	1.4 GB	3.4 MB	36.3 KB
122	05/72952a	3231686	HHSUITE_SEARCH_BATCH (ECOD_0572952a)	COMPLETED	0	2026-04-15 13:51:53.886	4s	3.8s	204.1%	523.5 MB	32.5 GB	8 MB	202.5 KB
126	a7/880696	3233231	HHSUITE_SEARCH_BATCH (ECOD_a7880696)	COMPLETED	0	2026-04-15 13:51:55.549	2.5s	2.3s	195.9%	462.7 MB	32.5 GB	8 MB	15.9 KB
127	46/62e762	3234100	HHSUITE_SEARCH_BATCH (PHROGS_4662e762)	COMPLETED	0	2026-04-15 13:51:56.420	2s	1.9s	370.3%	421.8 MB	1.5 GB	3.4 MB	84.1 KB
87	6d/d78a91	3218901	HHSUITE_SEARCH_BATCH (ECOD_6dd78a91)	COMPLETED	0	2026-04-15 13:51:41.831	16.6s	16.4s	94.0%	647.3 MB	32.5 GB	8 MB	406.5 KB
133	e1/3456ca	3236095	UNPACK_HHR (unpack_PHROGS_9d0c0537)	COMPLETED	0	2026-04-15 13:51:58.476	257ms	25ms	52.2%	3.4 MB	4.4 MB	99.7 KB	42.1 KB
96	1f/61126f	3222127	HHSUITE_SEARCH_BATCH (ECOD_1f61126f)	COMPLETED	0	2026-04-15 13:51:44.982	13.9s	13.7s	90.2%	565 MB	32.5 GB	8 MB	439.1 KB
46	de/36b9a6	3202973	ENRICH_MSA_PHROGS (enrich_de36b9a6)	COMPLETED	0	2026-04-15 13:51:28.936	30s	29.8s	305.3%	947.1 MB	1.7 GB	3.4 MB	3.1 MB
137	59/4019a6	3236813	UNPACK_HHR (unpack_PFAM_9d0c0537)	COMPLETED	0	2026-04-15 13:51:58.972	269ms	25ms	70.0%	3.3 MB	4.4 MB	99.7 KB	65.9 KB
130	f4/780ecf	3235211	HHSUITE_SEARCH_BATCH (PHROGS_f4780ecf)	COMPLETED	0	2026-04-15 13:51:57.733	1.9s	1.7s	357.8%	428.6 MB	1.5 GB	3.4 MB	56.2 KB
128	0d/a8d9f3	3234728	HHSUITE_SEARCH_BATCH (PFAM_0da8d9f3)	COMPLETED	0	2026-04-15 13:51:57.034	2.6s	2.4s	270.2%	451 MB	5.2 GB	1.4 MB	124.2 KB
118	71/04d9c8	3229022	HHSUITE_SEARCH_BATCH (ECOD_7104d9c8)	COMPLETED	0	2026-04-15 13:51:50.738	9s	8.7s	137.6%	662 MB	32.5 GB	8 MB	422.4 KB
131	a0/67dda1	3235463	HHSUITE_SEARCH_BATCH (PFAM_a067dda1)	COMPLETED	0	2026-04-15 13:51:57.862	1.9s	1.7s	313.8%	428.4 MB	5.2 GB	1.4 MB	38.2 KB
141	fd/7cbb75	3237607	UNPACK_HHR (unpack_PHROGS_42254107)	COMPLETED	0	2026-04-15 13:51:59.695	273ms	28ms	45.8%	3.3 MB	4.4 MB	99.7 KB	338.7 KB
101	83/a14ae6	3222952	HHSUITE_SEARCH_BATCH (PFAM_83a14ae6)	COMPLETED	0	2026-04-15 13:51:45.513	15s	14.7s	142.0%	641.4 MB	5.2 GB	1.4 MB	319.2 KB
56	9e/b45a31	3204535	ENRICH_MSA_PHROGS (enrich_9eb45a31)	COMPLETED	0	2026-04-15 13:51:29.068	32.4s	32.2s	302.3%	827.4 MB	1.7 GB	3.4 MB	2.4 MB
145	f7/79234a	3239547	UNPACK_HHR (unpack_PHROGS_57c53d2e)	COMPLETED	0	2026-04-15 13:52:01.512	244ms	24ms	55.3%	3.3 MB	4.4 MB	99.7 KB	52.3 KB
146	6d/8e05b6	3239870	UNPACK_HHR (unpack_PFAM_42254107)	COMPLETED	0	2026-04-15 13:52:01.760	266ms	24ms	81.7%	3.3 MB	4.4 MB	99.7 KB	246.5 KB
143	2b/db0366	3238358	HHSUITE_SEARCH_BATCH (PFAM_2bdb0366)	COMPLETED	0	2026-04-15 13:51:59.972	3.6s	3.4s	327.1%	496 MB	5.2 GB	1.4 MB	79.1 KB
142	20/97625f	3237824	HHSUITE_SEARCH_BATCH (PHROGS_2097625f)	COMPLETED	0	2026-04-15 13:51:59.769	4s	3.8s	333.3%	464.3 MB	1.5 GB	3.4 MB	184.6 KB
111	3f/4dbe87	3227842	HHSUITE_SEARCH_BATCH (ECOD_3f4dbe87)	COMPLETED	0	2026-04-15 13:51:50.078	14.7s	14.5s	169.3%	651.6 MB	32.5 GB	8 MB	1.2 MB
114	99/def31e	3228076	HHSUITE_SEARCH_BATCH (ECOD_99def31e)	COMPLETED	0	2026-04-15 13:51:50.252	14.7s	14.5s	210.0%	770.7 MB	32.5 GB	8 MB	1.7 MB
150	a0/7ad782	3242270	UNPACK_HHR (unpack_PFAM_57c53d2e)	COMPLETED	0	2026-04-15 13:52:04.784	245ms	23ms	54.8%	3.3 MB	4.4 MB	99.7 KB	26.6 KB
151	0b/7e0fc8	3242519	UNPACK_HHR (unpack_PHROGS_44006607)	COMPLETED	0	2026-04-15 13:52:04.978	242ms	23ms	80.6%	3.4 MB	4.4 MB	99.7 KB	56.1 KB
152	81/2e04cc	3242703	UNPACK_HHR (unpack_PFAM_44006607)	COMPLETED	0	2026-04-15 13:52:05.037	237ms	23ms	53.8%	3.4 MB	4.4 MB	99.7 KB	120.7 KB
144	d8/c39d45	3238771	HHSUITE_SEARCH_BATCH (ECOD_d8c39d45)	COMPLETED	0	2026-04-15 13:52:00.505	4.8s	4.6s	275.0%	509.6 MB	32.5 GB	8 MB	150.2 KB
153	d8/a421d1	3243064	UNPACK_HHR (unpack_ECOD_9d0c0537)	COMPLETED	0	2026-04-15 13:52:05.227	253ms	25ms	73.7%	3.3 MB	4.4 MB	99.7 KB	89.3 KB
154	60/b76b89	3243179	UNPACK_HHR (unpack_PHROGS_873a4f13)	COMPLETED	0	2026-04-15 13:52:05.280	260ms	28ms	46.0%	3.4 MB	4.4 MB	99.7 KB	29.3 KB
134	1c/bcf58d	3236698	HHSUITE_SEARCH_BATCH (PHROGS_1cbcf58d)	COMPLETED	0	2026-04-15 13:51:58.920	6.6s	6.4s	367.6%	500.2 MB	1.5 GB	3.4 MB	443.7 KB
155	cf/001df0	3243327	UNPACK_HHR (unpack_ECOD_42254107)	COMPLETED	0	2026-04-15 13:52:05.332	250ms	25ms	77.1%	3.4 MB	4.4 MB	99.7 KB	583.8 KB
159	1c/21b22d	3243974	UNPACK_HHR (unpack_PFAM_873a4f13)	COMPLETED	0	2026-04-15 13:52:05.587	256ms	26ms	72.4%	3.3 MB	4.4 MB	99.7 KB	88.6 KB
160	6b/e9455e	3244649	UNPACK_HHR (unpack_ECOD_44006607)	COMPLETED	0	2026-04-15 13:52:05.849	281ms	31ms	82.9%	3.3 MB	4.4 MB	99.7 KB	108.4 KB
132	6a/17ed30	3235767	HHSUITE_SEARCH_BATCH (ECOD_6a17ed30)	COMPLETED	0	2026-04-15 13:51:58.071	8.2s	8s	98.8%	511.8 MB	32.5 GB	8 MB	192.5 KB
161	c6/2da830	3244970	UNPACK_HHR (unpack_ECOD_57c53d2e)	COMPLETED	0	2026-04-15 13:52:06.136	298ms	53ms	57.2%	3.4 MB	4.4 MB	99.7 KB	29.4 KB
162	7f/de00f8	3245188	UNPACK_HHR (unpack_PHROGS_8f7e3295)	COMPLETED	0	2026-04-15 13:52:06.315	295ms	29ms	87.0%	3.3 MB	4.4 MB	99.7 KB	130.7 KB
163	0c/f209e2	3245430	UNPACK_HHR (unpack_PFAM_8f7e3295)	COMPLETED	0	2026-04-15 13:52:06.439	286ms	26ms	47.7%	3.4 MB	4.4 MB	99.7 KB	74.8 KB
164	13/f01782	3245681	UNPACK_HHR (unpack_PFAM_a36decde)	COMPLETED	0	2026-04-15 13:52:06.616	272ms	26ms	75.2%	3.3 MB	4.4 MB	99.7 KB	89.3 KB
165	82/cd0db6	3245886	UNPACK_HHR (unpack_PHROGS_a36decde)	COMPLETED	0	2026-04-15 13:52:06.730	262ms	24ms	53.6%	3.4 MB	4.4 MB	99.7 KB	111.4 KB
166	4a/90ef65	3246272	UNPACK_HHR (unpack_ECOD_873a4f13)	COMPLETED	0	2026-04-15 13:52:06.894	267ms	28ms	92.5%	3.3 MB	4.4 MB	99.7 KB	110.4 KB
167	9f/90e57d	3246481	UNPACK_HHR (unpack_ECOD_a36decde)	COMPLETED	0	2026-04-15 13:52:06.996	249ms	24ms	53.9%	3.4 MB	4.4 MB	99.7 KB	75.4 KB
168	95/b9ee38	3246786	UNPACK_HHR (unpack_PHROGS_bab1032e)	COMPLETED	0	2026-04-15 13:52:07.169	252ms	24ms	80.4%	3.4 MB	4.4 MB	99.7 KB	114.6 KB
169	90/936c20	3246922	UNPACK_HHR (unpack_PHROGS_2bdb30e4)	COMPLETED	0	2026-04-15 13:52:07.251	270ms	24ms	79.3%	3.3 MB	4.4 MB	99.7 KB	37.1 KB
170	8d/7ef391	3247286	UNPACK_HHR (unpack_PFAM_2bdb30e4)	COMPLETED	0	2026-04-15 13:52:07.425	248ms	24ms	53.9%	3.4 MB	4.4 MB	99.7 KB	37.3 KB
135	6b/ae395b	3236097	HHSUITE_SEARCH_BATCH (PFAM_6bae395b)	COMPLETED	0	2026-04-15 13:51:58.482	9.3s	9.1s	301.7%	670.2 MB	5.3 GB	1.4 MB	458.6 KB
171	2f/cdb388	3247479	UNPACK_HHR (unpack_PFAM_bab1032e)	COMPLETED	0	2026-04-15 13:52:07.526	243ms	23ms	83.0%	3.2 MB	4.4 MB	99.7 KB	96.6 KB
138	0c/e9dd00	3237196	HHSUITE_SEARCH_BATCH (PHROGS_0ce9dd00)	COMPLETED	0	2026-04-15 13:51:59.246	8.6s	8.4s	355.4%	579.9 MB	1.5 GB	3.4 MB	475.8 KB
172	71/617416	3247721	UNPACK_HHR (unpack_ECOD_2bdb30e4)	COMPLETED	0	2026-04-15 13:52:07.677	257ms	27ms	72.9%	3.3 MB	4.4 MB	99.7 KB	28.1 KB
173	f8/df6516	3247887	UNPACK_HHR (unpack_ECOD_853eb971)	COMPLETED	0	2026-04-15 13:52:07.763	263ms	25ms	73.6%	3.4 MB	4.4 MB	99.7 KB	23.7 KB
174	59/d8d1d5	3247896	UNPACK_HHR (unpack_PFAM_853eb971)	COMPLETED	0	2026-04-15 13:52:07.773	289ms	30ms	65.8%	3.3 MB	4.4 MB	99.7 KB	27.6 KB
175	d8/c67d72	3248085	UNPACK_HHR (unpack_PHROGS_853eb971)	COMPLETED	0	2026-04-15 13:52:07.841	275ms	26ms	70.7%	3.3 MB	4.4 MB	99.7 KB	36.1 KB
176	4e/14c148	3248417	UNPACK_HHR (unpack_PHROGS_15198822)	COMPLETED	0	2026-04-15 13:52:07.938	266ms	25ms	51.5%	3.4 MB	4.4 MB	99.7 KB	212.1 KB
177	12/bab47d	3248777	UNPACK_HHR (unpack_PFAM_15198822)	COMPLETED	0	2026-04-15 13:52:08.031	267ms	25ms	52.8%	3.3 MB	4.4 MB	99.7 KB	91.4 KB
178	7e/8dea78	3248851	UNPACK_HHR (unpack_PHROGS_259239c3)	COMPLETED	0	2026-04-15 13:52:08.067	260ms	23ms	81.0%	3.3 MB	4.4 MB	99.7 KB	470.2 KB
179	d2/d205ee	3248988	UNPACK_HHR (unpack_ECOD_15198822)	COMPLETED	0	2026-04-15 13:52:08.121	270ms	26ms	74.2%	3.4 MB	4.4 MB	99.7 KB	206.9 KB
180	47/0283eb	3249251	UNPACK_HHR (unpack_PFAM_5c76b16b)	COMPLETED	0	2026-04-15 13:52:08.209	268ms	23ms	73.9%	3.3 MB	4.4 MB	99.7 KB	101.3 KB
181	33/61f835	3249528	UNPACK_HHR (unpack_PHROGS_5e8dc436)	COMPLETED	0	2026-04-15 13:52:08.302	274ms	26ms	73.9%	3.3 MB	4.4 MB	99.7 KB	252.4 KB
182	c8/4932ff	3249616	UNPACK_HHR (unpack_PFAM_5e8dc436)	COMPLETED	0	2026-04-15 13:52:08.332	276ms	24ms	49.4%	3.3 MB	4.4 MB	99.7 KB	225.1 KB
183	b2/d0dd46	3249843	UNPACK_HHR (unpack_PHROGS_8584116d)	COMPLETED	0	2026-04-15 13:52:08.395	269ms	24ms	96.2%	3.3 MB	4.4 MB	99.7 KB	334.8 KB
184	cc/bc0dc8	3250052	UNPACK_HHR (unpack_PHROGS_5c76b16b)	COMPLETED	0	2026-04-15 13:52:08.481	271ms	26ms	71.8%	3.4 MB	4.4 MB	99.7 KB	213.8 KB
185	30/a50f9c	3250368	UNPACK_HHR (unpack_PFAM_8584116d)	COMPLETED	0	2026-04-15 13:52:08.582	267ms	27ms	72.3%	3.3 MB	4.4 MB	99.7 KB	267.8 KB
186	72/b6341f	3250434	UNPACK_HHR (unpack_PFAM_5cda11e4)	COMPLETED	0	2026-04-15 13:52:08.613	263ms	25ms	48.9%	3.3 MB	4.4 MB	99.7 KB	15.6 KB
187	e1/9eed5c	3250629	UNPACK_HHR (unpack_PFAM_c0e6e398)	COMPLETED	0	2026-04-15 13:52:08.669	269ms	26ms	75.9%	3.3 MB	4.4 MB	99.7 KB	150.1 KB
188	43/2e8da6	3250840	UNPACK_HHR (unpack_PHROGS_c0e6e398)	COMPLETED	0	2026-04-15 13:52:08.757	263ms	28ms	68.5%	3.3 MB	4.4 MB	99.7 KB	255.3 KB
189	5c/cfcc32	3251106	UNPACK_HHR (unpack_PHROGS_5cda11e4)	COMPLETED	0	2026-04-15 13:52:08.853	268ms	26ms	72.9%	3.3 MB	4.4 MB	99.7 KB	35.3 KB
190	67/cf314c	3251181	UNPACK_HHR (unpack_ECOD_c0e6e398)	COMPLETED	0	2026-04-15 13:52:08.881	263ms	24ms	75.2%	3.4 MB	4.4 MB	99.7 KB	201.5 KB
192	e3/a78dd2	3251687	UNPACK_HHR (unpack_PHROGS_b908f4fb)	COMPLETED	0	2026-04-15 13:52:09.025	253ms	29ms	71.5%	3.3 MB	4.4 MB	99.7 KB	83 KB
191	a0/f307dc	3251417	UNPACK_HHR (unpack_ECOD_5cda11e4)	COMPLETED	0	2026-04-15 13:52:08.943	353ms	24ms	50.1%	3.4 MB	4.4 MB	99.7 KB	14.8 KB
193	0f/f282fb	3252023	UNPACK_HHR (unpack_ECOD_8f7e3295)	COMPLETED	0	2026-04-15 13:52:09.125	264ms	24ms	77.4%	3.4 MB	4.4 MB	99.7 KB	405.4 KB
194	43/2db492	3252076	UNPACK_HHR (unpack_ECOD_bab1032e)	COMPLETED	0	2026-04-15 13:52:09.148	263ms	25ms	76.1%	3.3 MB	4.4 MB	99.7 KB	438 KB
198	5f/f6b678	3252830	UNPACK_HHR (unpack_PHROGS_0cb5e115)	COMPLETED	0	2026-04-15 13:52:09.415	257ms	24ms	53.9%	3.3 MB	4.4 MB	99.7 KB	55.2 KB
139	87/fc2976	3237516	HHSUITE_SEARCH_BATCH (PFAM_87fc2976)	COMPLETED	0	2026-04-15 13:51:59.625	10.1s	9.9s	295.4%	697.1 MB	5.2 GB	1.4 MB	280.8 KB
199	6c/1c2c88	3253404	UNPACK_HHR (unpack_PFAM_b908f4fb)	COMPLETED	0	2026-04-15 13:52:09.677	255ms	25ms	76.6%	3.3 MB	4.4 MB	99.7 KB	123.2 KB
200	0f/572030	3253525	UNPACK_HHR (unpack_ECOD_5c76b16b)	COMPLETED	0	2026-04-15 13:52:09.769	269ms	26ms	93.0%	3.3 MB	4.4 MB	99.7 KB	421.3 KB
201	8f/9560fa	3253746	UNPACK_HHR (unpack_PFAM_0cb5e115)	COMPLETED	0	2026-04-15 13:52:09.936	319ms	24ms	48.9%	3.3 MB	4.4 MB	99.7 KB	37.2 KB
202	92/a0c632	3254022	UNPACK_HHR (unpack_PFAM_259239c3)	COMPLETED	0	2026-04-15 13:52:10.042	277ms	27ms	47.3%	3.3 MB	4.4 MB	99.7 KB	318.1 KB
129	7c/61d971	3234289	HHSUITE_SEARCH_BATCH (ECOD_7c61d971)	COMPLETED	0	2026-04-15 13:51:56.582	13.9s	13.6s	87.8%	614.7 MB	32.5 GB	8 MB	534.3 KB
148	8e/0dddb1	3241337	HHSUITE_SEARCH_BATCH (PFAM_8e0dddb1)	COMPLETED	0	2026-04-15 13:52:03.556	9s	8.8s	325.1%	619.2 MB	5.2 GB	1.4 MB	293.3 KB
206	3a/fb8a89	3256076	UNPACK_HHR (unpack_PFAM_c209cafa)	COMPLETED	0	2026-04-15 13:52:12.567	363ms	48ms	49.0%	3.3 MB	4.4 MB	99.7 KB	78 KB
207	db/fbc8c0	3256579	UNPACK_HHR (unpack_PHROGS_c209cafa)	COMPLETED	0	2026-04-15 13:52:12.935	327ms	38ms	49.1%	3.3 MB	4.4 MB	99.7 KB	183.5 KB
208	d8/3e6945	3256952	UNPACK_HHR (unpack_ECOD_5e8dc436)	COMPLETED	0	2026-04-15 13:52:13.271	282ms	28ms	42.6%	3.3 MB	4.4 MB	99.7 KB	1.2 MB
147	fe/874757	3241542	HHSUITE_SEARCH_BATCH (PHROGS_fe874757)	COMPLETED	0	2026-04-15 13:52:03.762	9.8s	9.6s	364.6%	549.7 MB	1.5 GB	3.4 MB	474.9 KB
209	50/7c83be	3257173	UNPACK_HHR (unpack_ECOD_8584116d)	COMPLETED	0	2026-04-15 13:52:13.558	273ms	32ms	63.0%	3.3 MB	4.4 MB	99.7 KB	1.6 MB
210	53/4d5dbb	3257213	UNPACK_HHR (unpack_ECOD_c209cafa)	COMPLETED	0	2026-04-15 13:52:13.602	305ms	28ms	65.5%	3.3 MB	4.4 MB	99.7 KB	149.1 KB
211	a1/f8351c	3257561	UNPACK_HHR (unpack_PHROGS_61a7b27b)	COMPLETED	0	2026-04-15 13:52:13.836	288ms	31ms	64.9%	3.4 MB	4.4 MB	99.7 KB	442.6 KB
212	28/a6b4b3	3257762	UNPACK_HHR (unpack_ECOD_0cb5e115)	COMPLETED	0	2026-04-15 13:52:13.911	276ms	27ms	92.2%	3.3 MB	4.4 MB	99.7 KB	191.4 KB
213	f7/43fd00	3258123	UNPACK_HHR (unpack_PFAM_61a7b27b)	COMPLETED	0	2026-04-15 13:52:14.129	289ms	31ms	61.3%	3.3 MB	4.4 MB	99.7 KB	457.5 KB
214	86/90dcdc	3258211	UNPACK_HHR (unpack_PHROGS_3da3d0d8)	COMPLETED	0	2026-04-15 13:52:14.192	285ms	29ms	89.0%	3.3 MB	4.4 MB	99.7 KB	474.7 KB
215	e3/335ff3	3258626	UNPACK_HHR (unpack_PFAM_3da3d0d8)	COMPLETED	0	2026-04-15 13:52:14.422	277ms	27ms	93.5%	3.4 MB	4.4 MB	99.7 KB	279.7 KB
216	e5/806c1d	3258699	UNPACK_HHR (unpack_ECOD_b908f4fb)	COMPLETED	0	2026-04-15 13:52:14.482	271ms	25ms	78.0%	3.4 MB	4.4 MB	99.7 KB	533.2 KB
217	35/ba42c7	3259027	UNPACK_HHR (unpack_PFAM_070ddb87)	COMPLETED	0	2026-04-15 13:52:14.704	274ms	26ms	48.7%	3.4 MB	4.4 MB	99.7 KB	292.2 KB
218	f4/469516	3259111	UNPACK_HHR (unpack_PHROGS_070ddb87)	COMPLETED	0	2026-04-15 13:52:14.757	357ms	29ms	87.6%	3.3 MB	4.4 MB	99.7 KB	473.8 KB
156	16/f8754a	3243879	HHSUITE_SEARCH_BATCH (PHROGS_16f8754a)	COMPLETED	0	2026-04-15 13:52:05.545	11.2s	11s	365.6%	579.8 MB	1.5 GB	3.4 MB	500.3 KB
219	0f/69f190	3260396	UNPACK_HHR (unpack_PHROGS_bc1bb52d)	COMPLETED	0	2026-04-15 13:52:16.776	242ms	27ms	50.2%	3.3 MB	4.4 MB	99.7 KB	499.2 KB
157	6f/b2353a	3243678	HHSUITE_SEARCH_BATCH (PFAM_6fb2353a)	COMPLETED	0	2026-04-15 13:52:05.485	13.8s	13.5s	312.5%	679.8 MB	5.2 GB	1.4 MB	412.4 KB
220	f7/e62cf6	3261668	UNPACK_HHR (unpack_PFAM_bc1bb52d)	COMPLETED	0	2026-04-15 13:52:19.253	228ms	23ms	84.8%	3.4 MB	4.4 MB	99.7 KB	411.3 KB
140	bb/017506	3237543	HHSUITE_SEARCH_BATCH (ECOD_bb017506)	COMPLETED	0	2026-04-15 13:51:59.655	22.2s	22s	241.2%	1.1 GB	32.6 GB	8 MB	1.2 MB
221	a3/bc1cd1	3262517	UNPACK_HHR (unpack_ECOD_3da3d0d8)	COMPLETED	0	2026-04-15 13:52:21.876	235ms	27ms	50.8%	3.4 MB	4.4 MB	99.7 KB	1.2 MB
149	c6/bc453a	3240199	HHSUITE_SEARCH_BATCH (ECOD_c6bc453a)	COMPLETED	0	2026-04-15 13:52:02.031	22.2s	22s	212.2%	911.2 MB	32.5 GB	8 MB	1.8 MB
136	02/e381f3	3236483	HHSUITE_SEARCH_BATCH (ECOD_02e381f3)	COMPLETED	0	2026-04-15 13:51:58.737	25.7s	25.4s	199.8%	1.3 GB	32.7 GB	8 MB	2.1 MB
222	84/137dd2	3262819	UNPACK_HHR (unpack_ECOD_070ddb87)	COMPLETED	0	2026-04-15 13:52:24.240	232ms	26ms	76.4%	3.3 MB	4.4 MB	99.7 KB	1.8 MB
223	b3/9a44bb	3262935	UNPACK_HHR (unpack_ECOD_61a7b27b)	COMPLETED	0	2026-04-15 13:52:24.398	224ms	26ms	80.0%	3.4 MB	4.4 MB	99.7 KB	2.1 MB
195	e3/45085d	3252413	HHSUITE_SEARCH_BATCH (PHROGS_e345085d)	COMPLETED	0	2026-04-15 13:52:09.282	17.6s	17.4s	362.4%	792.4 MB	1.6 GB	3.4 MB	849.1 KB
102	3d/49ebac	3223571	HHSUITE_SEARCH_BATCH (ECOD_3d49ebac)	COMPLETED	0	2026-04-15 13:51:45.721	41.4s	41.2s	79.3%	1.1 GB	32.5 GB	8 MB	389.7 KB
224	ac/b18c3c	3263609	UNPACK_HHR (unpack_PHROGS_8e1a1b8b)	COMPLETED	0	2026-04-15 13:52:26.927	232ms	25ms	53.8%	3.3 MB	4.4 MB	99.7 KB	848 KB
225	a5/e38338	3263812	UNPACK_HHR (unpack_ECOD_259239c3)	COMPLETED	0	2026-04-15 13:52:27.169	261ms	22ms	60.9%	3.3 MB	4.4 MB	99.7 KB	388.6 KB
204	3d/37e5d2	3254604	HHSUITE_SEARCH_BATCH (PFAM_3d37e5d2)	COMPLETED	0	2026-04-15 13:52:10.444	17.7s	17.4s	362.5%	697.6 MB	5.3 GB	1.4 MB	614.1 KB
226	7c/7f7465	3264006	UNPACK_HHR (unpack_PFAM_f3a6d657)	COMPLETED	0	2026-04-15 13:52:28.113	215ms	23ms	56.9%	3.3 MB	4.4 MB	99.7 KB	613 KB
196	83/03860c	3252768	HHSUITE_SEARCH_BATCH (PFAM_8303860c)	COMPLETED	0	2026-04-15 13:52:09.394	20.2s	20s	320.8%	807.9 MB	5.2 GB	1.4 MB	549.4 KB
227	fa/2dff09	3264254	UNPACK_HHR (unpack_PFAM_8e1a1b8b)	COMPLETED	0	2026-04-15 13:52:29.636	217ms	23ms	57.5%	3.2 MB	4.4 MB	99.7 KB	548.2 KB
203	bc/830088	3254306	HHSUITE_SEARCH_BATCH (PHROGS_bc830088)	COMPLETED	0	2026-04-15 13:52:10.260	22.6s	22.3s	300.6%	779.1 MB	1.5 GB	3.4 MB	651.5 KB
228	4e/2f47b0	3264656	UNPACK_HHR (unpack_PHROGS_f3a6d657)	COMPLETED	0	2026-04-15 13:52:32.854	220ms	23ms	57.4%	3.4 MB	4.4 MB	99.7 KB	650.4 KB
158	5b/523ecd	3243920	HHSUITE_SEARCH_BATCH (ECOD_5b523ecd)	COMPLETED	0	2026-04-15 13:52:05.563	30.5s	30.2s	215.1%	1.1 GB	32.7 GB	8 MB	1.8 MB
229	9e/9af1c3	3264957	UNPACK_HHR (unpack_ECOD_bc1bb52d)	COMPLETED	0	2026-04-15 13:52:36.051	209ms	24ms	56.3%	3.3 MB	4.4 MB	99.7 KB	1.8 MB
205	ea/dad5f3	3254441	HHSUITE_SEARCH_BATCH (ECOD_eadad5f3)	COMPLETED	0	2026-04-15 13:52:10.323	36.4s	36.2s	276.1%	1.2 GB	32.8 GB	8 MB	2.5 MB
230	36/2e0058	3265515	UNPACK_HHR (unpack_ECOD_f3a6d657)	COMPLETED	0	2026-04-15 13:52:46.745	216ms	26ms	53.3%	3.4 MB	4.4 MB	99.7 KB	2.5 MB
197	05/b4c21e	3252439	HHSUITE_SEARCH_BATCH (ECOD_05b4c21e)	COMPLETED	0	2026-04-15 13:52:09.300	44.5s	44.2s	234.3%	1.6 GB	32.9 GB	8 MB	2.1 MB
231	ba/0beff2	3265868	UNPACK_HHR (unpack_ECOD_8e1a1b8b)	COMPLETED	0	2026-04-15 13:52:53.768	224ms	25ms	82.4%	3.3 MB	4.4 MB	99.7 KB	2.1 MB
67	9c/d65541	3212347	ENRICH_MSA_PHROGS (enrich_9cd65541)	COMPLETED	0	2026-04-15 13:51:36.791	1m 42s	1m 42s	267.7%	1.6 GB	2.4 GB	3.4 MB	4.6 MB
233	43/4e41a5	3266333	HHSUITE_SEARCH_BATCH (PFAM_434e41a5)	COMPLETED	0	2026-04-15 13:53:18.918	48s	47.8s	223.3%	1.2 GB	5.5 GB	1.4 MB	256.3 KB
235	06/571076	3269409	UNPACK_HHR (unpack_PFAM_6112ca6f)	COMPLETED	0	2026-04-15 13:54:06.931	218ms	22ms	59.8%	3.3 MB	4.4 MB	99.7 KB	255.2 KB
232	21/cf05e8	3266330	HHSUITE_SEARCH_BATCH (PHROGS_21cf05e8)	COMPLETED	0	2026-04-15 13:53:18.915	58.6s	58.4s	257.7%	1.1 GB	1.9 GB	3.4 MB	1.2 MB
236	9f/339ad0	3269811	UNPACK_HHR (unpack_PHROGS_6112ca6f)	COMPLETED	0	2026-04-15 13:54:17.553	223ms	24ms	80.3%	3.3 MB	4.4 MB	99.7 KB	1.2 MB
234	0d/99ad45	3266329	HHSUITE_SEARCH_BATCH (ECOD_0d99ad45)	COMPLETED	0	2026-04-15 13:53:18.912	1m 52s	1m 52s	125.5%	2.4 GB	33.4 GB	8 MB	1.4 MB
237	b0/8886d3	3270581	UNPACK_HHR (unpack_ECOD_6112ca6f)	COMPLETED	0	2026-04-15 13:55:11.073	222ms	24ms	54.1%	3.4 MB	4.4 MB	99.7 KB	1.4 MB
238	c7/fbdd15	3270758	GATHER_HHR (gather_PFAM)	COMPLETED	0	2026-04-15 13:55:11.322	964ms	706ms	52.6%	5.2 MB	8.8 MB	5.5 MB	5 MB
239	30/9cf908	3270766	GATHER_HHR (gather_PHROGS)	COMPLETED	0	2026-04-15 13:55:11.331	954ms	696ms	51.9%	5.3 MB	8.8 MB	7.9 MB	7.4 MB
240	df/676baf	3270760	GATHER_HHR (gather_ECOD)	COMPLETED	0	2026-04-15 13:55:11.326	1.1s	856ms	43.2%	5.3 MB	8.8 MB	20.1 MB	19.6 MB
241	5a/7aa6a5	3271698	COLLECT_HITS	COMPLETED	0	2026-04-15 13:55:12.460	8.2s	5.6s	252.9%	7.7 GB	1.3 TB	58.1 MB	13 MB
242	36/de9a07	3280230	FILTER_HITS	COMPLETED	0	2026-04-15 13:55:20.651	991ms	797ms	637.8%	9.9 MB	14.9 MB	20.1 MB	4.2 MB
243	64/da1177	3280468	BUILD_ANNOTATION	COMPLETED	0	2026-04-15 13:55:21.660	8.2s	6.8s	180.1%	9.9 GB	1.3 TB	24.1 MB	5.7 MB
244	bc/b9782a	3288983	GENBANK	COMPLETED	0	2026-04-15 13:55:29.916	948ms	750ms	655.1%	9.9 MB	15.9 MB	17.2 MB	1.8 MB
